well_id,mtpi,elevation_m,mean_depth_to_water_m,clay,sand,silt,state,precip_gini,recharge_gini,kuma_a,kuma_b,lat,lon,nlcd_code,landcover,landcover_simple,n_events,total_precip_mm,total_recharge_mm,recharge_efficiency
390211074505502,0,3.750992775,2.6106630343801163,8.0,72.2,19.8,New Jersey,0.4805045093414292,0.6798610686274718,1.2680263026365337,1.0054940379960842,39.036502,-74.8482243,90,Woody Wetlands,Wetland,747,15841.689999999999,51933.814736141,3.2783001520760098
391145074520401,0,2.864633083,1.0164816047168652,4.7,78.2,17.0,New Jersey,0.4713835376638926,0.6369214014242583,1.1632925215834606,0.9811984294912603,39.1959475,-74.8673916,90,Woody Wetlands,Wetland,1109,24370.489999999998,55997.33019501259,2.2977515099209165
391621074435401,0,3.184530973,1.1080354901781635,4.6,74.1,21.3,New Jersey,0.4767211633123839,0.5879957007682585,1.2872979757243794,1.2210586735863416,39.2726149,-74.7312737,90,Woody Wetlands,Wetland,591,13171.990000000002,66992.86295239102,5.086009247835066
392232074234403,0,15.799200058,2.729002517754173,9.1,72.8,18.1,New Jersey,0.4654116436841714,0.5668268310857351,0.9561767009006638,0.8845541286466868,39.3956718,-74.6251579,21,"Developed, Open Space",Developed,638,15244.170000000002,42513.62450922647,2.7888448180010106
392731075092401,-2,23.599794388,1.6817540664071446,10.1,55.7,34.3,New Jersey,0.461705248739064,0.5122945710506599,0.893197377966551,0.9662676852349736,39.45900397,-75.15768338,90,Woody Wetlands,Wetland,1808,41098.09,101926.04271747859,2.4800676313054595
392732075092401,-2,23.599794388,1.629949421389847,10.1,55.7,34.3,New Jersey,0.4785897733425148,0.490837674734989,0.8138012731545495,0.9529793738292688,39.45900397,-75.15768338,90,Woody Wetlands,Wetland,835,18288.800000000003,41178.43952489666,2.251565959762076
392920074570001,0,26.536455154,2.7627505590863954,10.8,61.1,28.1,New Jersey,0.4361514938790798,0.4843562728030952,0.9899135025181328,1.0365937950007182,39.48900475,-74.94961658,90,Woody Wetlands,Wetland,901,23225.7,107145.00149642583,4.613208708302691
393232074263903,1,10.821445465,5.799528792752614,9.9,67.6,22.5,New Jersey,0.430036293636008,0.5109422892587794,1.0514063800320834,1.218035819803113,39.4442836,-74.54182078,43,Mixed Forest,Forest,646,18247.73,83790.17368393079,4.591813539762523
393246075012701,0,34.76676178,6.055338415019763,9.2,61.1,29.7,New Jersey,0.4635550565837719,0.5835857817064005,0.756093972073069,0.8646937344923737,39.54400446,-75.0118401,21,"Developed, Open Space",Developed,1073,25996.050000000003,46934.73942864422,1.805456576235398
393749074550901,0,28.214708328,1.725714627689276,7.7,65.2,27.2,New Jersey,0.4639597744388464,0.6999650158811208,1.2466339624815028,0.8788020891472772,39.63105556,-74.9201667,43,Mixed Forest,Forest,924,22401.22,62543.822984913546,2.7919828913297375
394106074362501,0,18.975687027,4.004685071869598,5.6,80.5,13.8,New Jersey,0.4481658375375622,0.6498956283122628,0.8676214016211683,1.1614506563449836,39.6851181,-74.6059886,42,Evergreen Forest,Forest,985,24763.89,48723.25525508478,1.9675121822575041
394236075272101,0,4.952962399,3.2987506644960787,19.1,38.7,42.2,New Jersey,0.4789732988588832,0.6717134622311819,0.8868694994534447,0.9154483330818736,39.71058586,-75.45669539,82,Cultivated Crops,Agriculture,860,20131.75,45796.003167860166,2.2748148157939654
394354075025901,0,44.049346924,4.810177037748799,,,,New Jersey,0.4699393922359521,0.6079311648747014,0.7775572856228784,0.8240298768503128,39.73178139,-75.0493369,23,"Developed, Medium Intensity",Developed,1526,34474.41,46575.35849693218,1.351012490044998
394422074430903,0,13.893259048,2.003603040620066,7.7,72.3,19.9,New Jersey,0.4730661174361407,0.6694153612706129,0.9036284583552302,0.828872949409203,39.73956215,-74.7187696,43,Mixed Forest,Forest,898,22290.72,40992.30614420095,1.8389852882365822
394430077225001,22,239.414855957,28.870427285850468,17.9,30.2,51.9,Pennsylvania,0.5246959437919403,0.6890076519667739,0.9819698722223534,0.8529473934442041,39.7416111,-77.3805833,21,"Developed, Open Space",Developed,325,6611.4800000000005,31653.432115506057,4.787646958851279
394440074593101,0,52.080478668,8.968305357400723,14.2,60.7,25.1,New Jersey,0.4445254797726311,0.5198054771636551,0.7838062437765353,1.3453548536317743,39.74455949,-74.9915549,21,"Developed, Open Space",Developed,700,17173.09,21967.740415258555,1.279195556260321
394452074281901,0,23.088380814,0.7674335436087345,5.5,79.7,14.8,New Jersey,0.4705308414239482,0.61628946896115,1.2590947454460268,1.114325842772518,39.74789698,-74.4715388,90,Woody Wetlands,Wetland,800,18540.0,75934.64827487548,4.095719971676131
394742074142002,1,13.457046509,2.544571543165468,8.1,74.1,17.8,New Jersey,0.4304388147433849,0.4559911702309869,1.0014032622545317,1.319374108344439,39.79567487,-74.237919,23,"Developed, Medium Intensity",Developed,550,15389.41,71227.49011130488,4.628344433692058
395034074112101,0,4.912670612,2.693018881838075,,,,New Jersey,0.4687428071295887,0.6706844577130854,1.286107211289845,0.988851548987791,39.8428968,-74.1887509,22,"Developed, Low Intensity",Developed,399,9399.210000000001,25552.949000108936,2.7186273101791465
395122074301702,0,42.829589844,6.336894766674812,8.1,66.1,25.8,New Jersey,0.4713379213026183,0.5182639130816882,0.6792804100594234,1.0185155472855345,39.8562286,-74.50431859,42,Evergreen Forest,Forest,803,20207.75,26701.341843780985,1.3213416557400495
395150074284201,-1,45.533824921,6.80121031877377,7.9,64.0,28.2,New Jersey,0.454568522256168,0.6686708398756883,0.7264424834229243,1.1932240421780302,39.86456196,-74.4795955,42,Evergreen Forest,Forest,1158,28634.7,31679.99711711176,1.1063498872735444
395450075485401,-11,91.310005188,3.726211499828709,25.2,26.9,47.9,Pennsylvania,0.4796463546455622,0.7096130222172674,1.2699513807762504,0.989644545385583,39.9137222,-75.8141944,22,"Developed, Low Intensity",Developed,1580,37114.340000000004,136616.6480130886,3.6809666563675543
395512075293701,-5,83.232269287,2.058510362803481,19.6,34.8,45.6,Pennsylvania,0.478292361321573,0.7337115511888102,1.5017001412921591,1.121331429327218,39.9200833,-75.4930556,81,Pasture/Hay,Agriculture,1934,45772.04,139715.03315301632,3.0524100117236705
395920079021501,-3,707.261779785,7.107587988226638,25.4,32.3,42.2,Pennsylvania,0.4606919104373884,0.5621172212910617,1.0951207322482752,1.0890593507220896,39.9888333,-79.0375,42,Evergreen Forest,Forest,1249,24762.78,99812.37643964218,4.030741961913896
395928074502701,-2,3.504024744,1.578310679643147,19.2,57.3,23.5,New Jersey,0.467681692919191,0.6625177682208299,1.3915371946118258,1.1230696572506882,39.9912232,-74.840442,41,Deciduous Forest,Forest,1021,22318.65,74031.75129930752,3.3170353627709344
400120074265401,3,54.313117981,15.436182590288144,12.1,61.6,26.3,New Jersey,0.4693540948470407,0.5625082635343733,0.6740716446032047,1.3667211617341972,40.0223375,-74.4479288,31,Barren Land,Barren,1630,39631.920000000006,32980.50829813173,0.832170338911961
400148074352101,-1,34.231559753,2.7297048439601204,,,,New Jersey,0.466199832274872,0.5181944913576868,0.800503817239039,1.023103845398258,40.0301135,-74.58876678,24,"Developed, High Intensity",Developed,718,17808.850000000002,38470.735106124484,2.1602032195298673
400209077183301,-8,293.481018066,6.470918341060363,16.3,35.2,48.5,Pennsylvania,0.4831490874334588,0.7476045984312844,1.0690181507413323,0.7999934525178556,40.03527778,-77.3080833,21,"Developed, Open Space",Developed,909,21823.25,80206.39211411837,3.6752725700396764
400217078281901,-7,352.317749023,5.380790019967495,30.8,24.0,45.3,Pennsylvania,0.4572606215408362,0.6353006234300331,0.8411781858340882,0.7837230896532971,40.0376111,-78.4719167,22,"Developed, Low Intensity",Developed,695,11644.689999999999,44308.82883954102,3.805067274400695
400229075104601,-2,81.823608398,4.680863664129634,,,,Pennsylvania,0.459385286386922,0.6537090187325589,1.0690697260897386,0.8941975183228916,40.0414722,-75.1793333,22,"Developed, Low Intensity",Developed,537,11861.449999999999,39931.2191950226,3.3664703046442552
400808075210401,-4,50.71118927,3.221358645717661,,,,Pennsylvania,0.4835452504322971,0.702793060573483,1.2034334282622443,0.8126402320881125,40.13616667,-75.3506944,21,"Developed, Open Space",Developed,950,22274.21,107777.72269876387,4.838677676953027
400916076492301,-3,143.369995117,6.709986244735891,26.3,31.2,42.6,Pennsylvania,0.4639767081250404,0.5365672076711822,1.0796096541603497,1.1311944143628616,40.1549722,-76.8229167,81,Pasture/Hay,Agriculture,600,15064.91,88724.83011795746,5.889502832606199
401552074501801,-1,37.243408203,4.998321196261683,23.2,38.6,38.3,New Jersey,0.4743732078657861,0.5640946528383661,1.128413614916906,1.055671687106794,40.26483028,-74.8362747,23,"Developed, Medium Intensity",Developed,386,10047.36,66161.77315221944,6.584990798798832
401637076071501,-9,149.51701355,3.1955375046931414,23.5,25.8,50.7,Pennsylvania,0.4762713469348555,0.6051937670349381,1.2743048760345583,1.191853733260177,40.27702778,-76.1206667,43,Mixed Forest,Forest,1151,27700.25,123889.5116157203,4.472505180123656
401753074483501,4,65.177261353,4.661958042602724,,,,New Jersey,0.4618442953937726,0.5719636133395822,1.0984441957660094,1.1192558844545677,40.29816305,-74.80932958,22,"Developed, Low Intensity",Developed,676,17418.96,85512.31514761937,4.909151588132666
401834074515501,0,55.809371948,20.54914177333793,21.8,33.9,44.3,New Jersey,0.4339911432177086,0.4913463043200665,0.9782919565216812,1.115925460688998,40.31038498,-74.85377538,41,Deciduous Forest,Forest,883,26231.18,138204.87129325912,5.268724902702018
402138074435801,-4,65.946289062,3.4869534007533387,20.3,36.0,43.6,New Jersey,0.4584875252491327,0.5411049069637492,1.0924475667369673,1.2125401592689844,40.36066208,-74.732383,21,"Developed, Open Space",Developed,1082,26308.85,121103.69145834423,4.603154127160413
402138079031802,-9,391.193878174,4.998529594447199,28.0,27.0,45.0,Pennsylvania,0.4390329791446505,0.5748152590887341,1.0758894461379738,1.2025318024884109,40.3604722,-79.0558333,41,Deciduous Forest,Forest,1076,22233.870000000003,87976.08073235935,3.9568496502120114
402207076180801,-4,135.216842651,2.6483181024702653,,,,Pennsylvania,0.4680643799349457,0.6740968467229573,1.2955799020025731,0.9555762954750852,40.36875,-76.3017222,24,"Developed, High Intensity",Developed,1639,37811.19,166485.61031121,4.403077774362828
402255076422001,-3,154.152114868,3.751097220799582,23.5,33.5,43.0,Pennsylvania,0.5187093792388703,0.6550155106690506,0.9394641171378068,0.7461513944450605,40.382,-76.70575,41,Deciduous Forest,Forest,400,9841.95,61536.600219433436,6.252480475864379
402411077374801,-10,193.173431396,4.060342073836276,25.1,24.2,50.7,Pennsylvania,0.4662870620866809,0.649922899035359,1.2083051853185087,0.9778212956873316,40.40302778,-77.62988889,21,"Developed, Open Space",Developed,1266,25613.47,109339.40200290788,4.26882425547604
402512074414301,-2,32.302829742,5.358939742786481,19.3,34.0,46.7,New Jersey,0.4401693296853562,0.5468254197912549,1.033744914159482,0.9763782092662324,40.4201055,-74.694882,41,Deciduous Forest,Forest,130,3385.9300000000003,22418.072516696768,6.620949788299453
402553074271701,0,21.9400177,4.776562660187436,17.4,37.2,45.4,New Jersey,0.4677232721702725,0.6368827980994793,0.7271751747365136,0.8254760324118329,40.43205038,-74.4548742,21,"Developed, Open Space",Developed,1099,25256.03,29883.841735013662,1.1832359137605422
402615075530501,-9,132.42414856,40.63464843756449,,,,Pennsylvania,0.4619835275600966,0.6659136952624892,0.9020581773780696,0.7818473709047071,40.4374722,-75.88425,23,"Developed, Medium Intensity",Developed,1249,28230.93,101842.95577767561,3.607495600664789
402735077100901,-19,156.648269653,3.789738110701108,24.0,29.7,46.2,Pennsylvania,0.4993338618693455,0.649273591646516,1.0893967066522077,0.9035274173237728,40.46044444,-77.1686944,81,Pasture/Hay,Agriculture,796,16112.9,96984.95932844443,6.01908776995106
402750078452201,1,650.75994873,2.257659061202768,23.3,41.8,35.0,Pennsylvania,0.5032568828830877,0.5767474532799615,1.1854777543259822,1.1295878152476742,40.4625833,-78.7590556,21,"Developed, Open Space",Developed,554,11856.39,89263.89715661082,7.528758513899326
403200074420601,-4,19.930515289,2.4532766979975484,23.5,30.6,45.9,New Jersey,0.4563317049014959,0.6385111555254029,1.0877274299646855,0.8574966714890307,40.53325,-74.7018056,82,Cultivated Crops,Agriculture,480,10442.050000000001,51712.034076127966,4.95228753703803
403455074514801,-7,51.941734314,3.080589885183912,22.0,31.9,46.1,New Jersey,0.4697645179127833,0.4718954095710471,0.9312790961801116,1.200999462655698,40.57732477,-74.86044348,43,Mixed Forest,Forest,1560,36339.44,101432.8363513326,2.7912603042681066
403719075091801,-27,53.602737427,2.039279633881975,13.6,37.2,49.3,New Jersey,0.4847644050772122,0.6608704378661858,1.2059286660661144,0.9310339947456402,40.6220448,-75.1546189,21,"Developed, Open Space",Developed,1007,23433.670000000002,108244.82057414767,4.619200516784083
403734080063001,-19,313.262908936,2.0403130389852207,28.3,12.5,59.2,Pennsylvania,0.4298597252210935,0.5083975776818732,1.0200244078224183,1.2747168127191688,40.62619444,-80.10838889,41,Deciduous Forest,Forest,1554,32240.540000000005,127830.0159815633,3.9648844585594185
403939076591001,19,222.266464233,5.683516662245598,20.3,28.9,50.8,Pennsylvania,0.4808012824164085,0.7981654314017396,1.480112235309703,0.8902964918384635,40.6612222,-76.9855556,21,"Developed, Open Space",Developed,1369,29137.11,104287.04951126635,3.57918302505864
404140077354001,0,244.798294067,16.1498576757691,,,,Pennsylvania,0.3950801162448319,0.5899049558343983,0.9638637547576132,0.9073876205366396,40.69477778,-77.5939444,22,"Developed, Low Intensity",Developed,469,6893.5599999999995,31460.035944978103,4.5636849385481675
404239076362001,7,288.22479248,6.163286394485929,20.4,29.0,50.6,Pennsylvania,0.4856417280948144,0.673254525384029,0.963938569436384,0.7935715434738199,40.71080556,-76.6054722,41,Deciduous Forest,Forest,742,18131.440000000002,87323.08284826548,4.816114045451738
404518077575501,-17,349.219665527,20.4721230953963,14.5,47.7,37.8,Pennsylvania,0.4486591020712608,0.6992980269899671,0.8410810357805107,1.1673253248397677,40.75544444,-77.96625,21,"Developed, Open Space",Developed,723,13581.45,21062.259703160467,1.5508108267644813
404556077525101,0,372.260955811,28.514203794392525,33.2,28.1,38.8,Pennsylvania,0.3781724686292387,0.5397873268696015,1.036355544507476,0.8611186679139814,40.76563889,-77.8806944,23,"Developed, Medium Intensity",Developed,565,8863.37,51810.3956000316,5.845451064327857
404639074230001,-1,60.690597534,13.26352942339833,,,,New Jersey,0.4441576653852238,0.4432576067885344,0.983201605570518,1.5240323176300177,40.7776003,-74.3829292,90,Woody Wetlands,Wetland,603,15819.09,57197.23488588109,3.6157095563576087
404708076070701,-46,387.671142578,14.859103948729686,12.3,49.5,38.2,Pennsylvania,0.4486536986350853,0.6567862954147368,1.101727268085699,0.8531157835995636,40.78575,-76.1184722,41,Deciduous Forest,Forest,821,13802.220000000001,67617.33118380203,4.899018504545068
404934074400501,14,269.561706543,2.411663096522437,17.8,41.4,40.8,New Jersey,0.4838441980000736,0.6969586323656495,1.1337625363992023,0.8647729260613848,40.8178774,-74.6809948,41,Deciduous Forest,Forest,1082,26075.010000000002,84098.36656996376,3.225247720708976
405027074232301,0,57.928474426,3.13447606192695,22.3,30.5,47.2,New Jersey,0.4803784163509011,0.5995700999082687,0.7969067615919119,0.9133858432578754,40.8409329,-74.3893185,90,Woody Wetlands,Wetland,715,15805.08,20800.373742579482,1.3160562137350449
405414074354201,-10,203.473312378,6.411722618434783,,,,New Jersey,0.4661482244782454,0.5915806845745305,1.015957072030662,0.910182752959542,40.90370996,-74.5921035,22,"Developed, Low Intensity",Developed,811,21522.59,114930.27079465796,5.339983282432921
405531074361901,-12,222.640335083,3.594105527430993,20.1,41.2,38.7,New Jersey,0.4912689942416919,0.6267443872775957,0.9882179865592078,0.8243292966524614,40.92537639,-74.6048819,41,Deciduous Forest,Forest,1269,29336.2,72300.12985121894,2.464536301607534
405613074430901,-6,224.681991577,4.043218782608696,17.9,41.3,40.8,New Jersey,0.4792434263773881,0.6217937868312782,1.0676838243957971,0.8904290750982473,40.9370428,-74.7187745,41,Deciduous Forest,Forest,1356,32044.940000000002,153512.78094237339,4.7905466804548045
405808074583001,-9,140.967590332,1.6011096473285944,16.2,36.9,46.9,New Jersey,0.4710539242197131,0.6688664697648777,1.0879333373777245,0.8095203691077565,40.96898645,-74.9746172,41,Deciduous Forest,Forest,610,13275.19,35113.909870290845,2.6450777631273708
410155074060201,-12,40.650016785,0.5202697406373917,,,,New Jersey,0.4502400130681869,0.5228020120006636,0.9448123364594868,0.9824899735199784,41.03204145,-74.10014209,23,"Developed, Medium Intensity",Developed,181,6618.24,42451.093943606975,6.414257256250449
410207074270001,-20,230.183288574,1.3413128760727775,14.8,41.9,43.2,New Jersey,0.487400603346657,0.6058585124854189,1.0748681500279236,0.9670003765507292,41.03537519,-74.4495994,90,Woody Wetlands,Wetland,1404,32577.37,92302.4298231893,2.8333296955275795
410449074483301,0,160.528671265,6.996846499426738,21.5,35.3,43.2,New Jersey,0.4741720370976932,0.7533876359541111,1.0457172626184217,0.7189332457202572,41.08037446,-74.8098893,43,Mixed Forest,Forest,913,17019.989999999998,45754.39978084166,2.6882741870495614
410538080280801,7,318.700836182,5.092691958706126,24.6,26.0,49.4,Pennsylvania,0.4721781821299605,0.7077069619973967,1.2384988427971102,0.908731885317019,41.09369444,-80.4686944,41,Deciduous Forest,Forest,1192,22932.04,104335.31495361301,4.549761597904635
410804074424401,-1,161.545654297,9.901698984002763,22.6,32.6,44.8,New Jersey,0.4838121156534393,0.6420150270140219,0.7742017478814673,0.8242232259270598,41.13454085,-74.7118307,24,"Developed, High Intensity",Developed,1613,35045.69,39953.0769161438,1.14002825785835
410914074540401,9,145.347839355,5.677769837578528,17.7,38.0,44.4,New Jersey,0.4896423641231757,0.8138931929567963,1.4149651114534556,0.7607625752400977,41.1539843,-74.8840582,21,"Developed, Open Space",Developed,1043,19481.66,74546.20619988134,3.8264812238731887
410928074522801,-26,125.853530884,7.803341044994767,18.2,38.7,43.0,New Jersey,0.4888877027869501,0.6656232903836707,1.1614909549789965,0.9527154240144764,41.1578732,-74.8740579,21,"Developed, Open Space",Developed,751,17875.82,53287.785353047926,2.9809980942439522
411223075234901,-1,604.985473633,3.3739885781088823,14.4,46.5,39.1,Pennsylvania,0.498005303327345,0.6702329991237463,1.2606833134408229,1.064123528021596,41.20669444,-75.3966111,22,"Developed, Low Intensity",Developed,1163,30786.25,157661.6421971447,5.1211707238505735
411756076162701,-27,388.191101074,9.967451806653528,19.6,34.9,45.5,Pennsylvania,0.4768788834101887,0.7137503499565923,1.123635175820425,0.7782943621018545,41.29941667,-76.2745,43,Mixed Forest,Forest,1138,24292.35,100961.89106350688,4.156118739582909
411832072325501,14,62.85918808,1.519541392857143,8.6,51.7,39.7,Connecticut,0.4789538753300562,0.6428003787028864,1.4086004134886705,1.2818070020334291,41.30890556,-72.5480694,22,"Developed, Low Intensity",Developed,304,6815.630000000001,37703.20748666396,5.531874160813301
411833075133601,-1,535.984069824,10.63033553659142,14.4,48.0,37.6,Pennsylvania,0.4723887542704205,0.69798939042511,0.8656092696809805,0.672599219968947,41.30919444,-75.2268611,90,Woody Wetlands,Wetland,763,13860.54,45688.85507933758,3.2963257621519495
411958079540202,25,463.613464355,33.38708897352342,24.1,31.9,43.9,Pennsylvania,0.4404091519631294,0.662544822864331,0.9812404039185496,0.9688934382414476,41.3315833,-79.9002222,41,Deciduous Forest,Forest,542,11621.46,38877.366886155156,3.345308324957033
412020079133901,15,476.183258057,11.087284194583752,20.1,30.3,49.6,Pennsylvania,0.4228656239180464,0.6211780320615274,0.9136830226340406,0.9475584771228036,41.33677778,-79.2255278,43,Mixed Forest,Forest,208,4607.94,21394.145267922522,4.6428871183050395
412154071462901,-1,14.529078484,3.795352586565752,,,,Rhode Island,0.4744643701446258,0.6465611522248491,1.0712926662154258,0.9167146303902204,41.36509999,-71.7742336,81,Pasture/Hay,Agriculture,734,15620.970000000001,41934.825178400344,2.6845212031263324
412429073165101,-19,79.676467896,1.777495559733379,14.3,47.5,38.2,Connecticut,0.4825210307852452,0.6682188086235887,1.1130535700350987,0.9311342490673938,41.40820556,-73.28055,81,Pasture/Hay,Agriculture,673,15371.510000000002,63946.64430605264,4.160075640327634
412637074362301,-19,143.278915405,1.9822538108002608,13.8,44.5,41.7,New York,0.4845984751548156,0.687680357329348,1.084668482893486,0.8200666831051415,41.4436111,-74.60638889,82,Cultivated Crops,Agriculture,1070,23002.28,50512.10109613996,2.1959606219966004
412714073331301,-20,129.762207031,0.8450878168533854,11.9,49.4,38.6,New York,0.4844876507585365,0.6338273747043874,1.0180529600472252,0.899611378907413,41.4541111,-73.5533611,81,Pasture/Hay,Agriculture,832,18315.839999999997,55947.367418409674,3.054589219954405
412823079030601,10,541.47857666,2.651128225893958,23.1,29.6,47.3,Pennsylvania,0.4403113548303635,0.5283565140330913,1.0120084076957976,1.1610600582687511,41.4734722,-79.0508333,21,"Developed, Open Space",Developed,1227,25517.61,92502.17830336739,3.625032998912021
412825072410501,-10,50.09482193,3.306986710012105,14.1,45.3,40.6,Connecticut,0.4698216436013595,0.5739245559511728,1.1298156237572865,1.058718020292238,41.47270556,-72.6839083,81,Pasture/Hay,Agriculture,705,16568.050000000003,90919.85160997958,5.487661590228154
412918071321001,-6,34.619823456,3.5739987806413995,,,,Rhode Island,0.4755603099130735,0.6644539705707087,0.924548428121021,0.7862299844755012,41.48843449,-71.5356159,24,"Developed, High Intensity",Developed,740,17973.27,34839.82515914579,1.9384244024123483
412932071374302,-8,34.017307281,2.0973023788054848,8.6,39.6,51.7,Rhode Island,0.4739497666601724,0.610099622228544,0.9916684153332078,0.8324237789504564,41.49232259,-71.6281194,24,"Developed, High Intensity",Developed,1278,31465.08,61806.418232514225,1.9642860667290285
413026076352901,-54,322.415863037,8.138854833885905,14.2,39.6,46.2,Pennsylvania,0.4200673566029048,0.5234041975561847,0.8646356868256027,0.780499430608037,41.50705556,-76.59025,81,Pasture/Hay,Agriculture,895,13954.13,78356.48999612371,5.615290239959332
413346075421301,-5,326.14175415,16.894150388567205,18.6,35.3,46.1,Pennsylvania,0.4903976498568398,0.6146028119704415,1.2711177749682798,1.1897484064143669,41.56291667,-75.7037222,43,Mixed Forest,Forest,394,10980.18,68668.50735314724,6.253859896026044
413358071433801,-9,41.615364075,4.440315740940988,8.8,41.8,49.4,Rhode Island,0.4793692608850121,0.6685543665157474,0.8409222648073226,0.8798108120035757,41.56621059,-71.72673449,22,"Developed, Low Intensity",Developed,932,22498.949999999997,38042.45129547689,1.6908545196765579
413535072253701,-14,78.468139648,1.5761355156041612,11.4,54.2,34.5,Connecticut,0.4688916536970507,0.6834854384673532,1.261110625249222,1.1373593950039602,41.5931333,-72.4264222,43,Mixed Forest,Forest,443,9579.590000000002,44153.89360375047,4.609163190047847
413542080245002,3,337.688446045,15.371658605597965,22.4,19.4,58.1,Pennsylvania,0.4328118624432421,0.5945022889390691,0.9234803863958506,0.958600585429651,41.5953333,-80.41375,22,"Developed, Low Intensity",Developed,967,19329.24,79895.85046872406,4.13341913436452
413801070322703,-8,15.356894493,1.8760948546824543,7.7,63.2,29.2,Massachusetts,0.4585163512402277,0.5027818182949568,0.7927213213633677,0.997228176278258,41.6337972,-70.5406759,23,"Developed, Medium Intensity",Developed,322,7639.4,11652.742209022146,1.525347829544486
413930070190901,-2,16.267776489,7.5153927643658625,,,,Massachusetts,0.4714962183526235,0.6461170406049324,1.2269169209186868,0.9230762186771228,41.65844369,-70.3186334,22,"Developed, Low Intensity",Developed,348,7456.87,15370.948193650314,2.061313687063113
414101070011001,-2,10.534871101,8.346878760056791,,,,Massachusetts,0.4582125032671559,0.5406375111492541,0.8134735485603916,1.2794490238656333,41.6836111,-70.0194444,22,"Developed, Low Intensity",Developed,547,11846.269999999999,16732.195320171657,1.412444197217492
414129070361401,0,18.38904953,10.035568945868947,6.5,61.2,32.4,Massachusetts,0.4491954461435363,0.5647455370127564,0.7370826420571223,1.1540347093514718,41.6914953,-70.60336388,22,"Developed, Low Intensity",Developed,560,12398.22,14227.265245867178,1.1475248258110582
414159070310501,1,50.64471817,29.196771329500223,5.7,58.5,35.9,Massachusetts,0.4622381384429372,0.5214842433927663,0.7585615911347425,1.6167516621338731,41.6999823,-70.5177476,22,"Developed, Low Intensity",Developed,576,12997.79,9130.265477638566,0.7024475297445616
414159079213601,-29,370.360656738,12.392171280722057,21.2,39.2,39.6,Pennsylvania,0.4385803769217951,0.5935194575449856,0.989165342546804,1.023952887912333,41.6994722,-79.3599444,43,Mixed Forest,Forest,1264,26073.34,97606.4198383393,3.743533426800682
414330076280501,-23,226.458282471,2.5367891600459247,20.4,27.7,51.9,Pennsylvania,0.4577115017838107,0.719509511924904,0.9650768958828116,0.6420550163392109,41.72341667,-76.4687222,82,Cultivated Crops,Agriculture,823,12762.84,45045.90839697948,3.5294580514195495
414333075153201,-27,407.545959473,7.942025458543289,15.9,41.4,42.6,Pennsylvania,0.4739379096204937,0.6943951464254163,1.2969589051732515,1.0620403409633992,41.7252222,-75.2585833,41,Deciduous Forest,Forest,1247,29391.409999999996,128419.36416052018,4.369282186887944
414525074360601,-13,359.866912842,2.792476061943665,14.8,43.6,41.6,New York,0.4955759023865764,0.7518459901353226,1.354784306412918,0.8799666423973754,41.75675,-74.6013611,81,Pasture/Hay,Agriculture,1065,24473.510000000002,112890.22562044318,4.612751731175592
414632070014901,0,15.677668571,9.38822298486728,11.9,66.7,21.4,Massachusetts,0.4710984938364373,0.5954759077536744,0.7792608354664269,1.112796863431594,41.77555556,-70.03027778,23,"Developed, Medium Intensity",Developed,1075,23867.2,23603.216003369147,0.9889394651810496
414640077493801,-60,553.186462402,6.349840825505656,16.7,45.0,38.3,Pennsylvania,0.4010098373603677,0.6759630636813403,1.121382121798297,0.9783012322856542,41.77705556,-77.8273056,21,"Developed, Open Space",Developed,556,6314.49,25203.948036490296,3.9914463458632916
414948074035001,7,72.539955139,5.179174591860314,20.9,43.8,35.3,New York,0.4835262233781831,0.7005503200643476,0.7483730990741171,0.754540964240177,41.83,-74.06388889,23,"Developed, Medium Intensity",Developed,1064,26179.14,29484.464115559284,1.1262579334370526
415228070554601,2,29.421590805,4.552955892360037,,,,Massachusetts,0.4819552299426757,0.6987462018861097,0.9870622048405844,0.8245613736354863,41.8745464,-70.9289297,43,Mixed Forest,Forest,349,10125.25,33648.10500320903,3.32318757593235
415323077451301,-17,388.713439941,10.36163482352941,18.8,34.9,46.3,Pennsylvania,0.465560074957933,0.6164184872223198,0.8926574549558484,0.8884954763235419,41.89005556,-75.7533056,21,"Developed, Open Space",Developed,1160,24422.71,76319.92119621487,3.1249571073895925
415354069585201,0,7.738069534,3.5553753783656123,5.4,83.0,11.6,Massachusetts,0.4583865677386211,0.5975194737800223,0.7821284754734432,1.110259478486656,41.8983333,-69.9811111,22,"Developed, Low Intensity",Developed,557,11561.56,11589.759247298765,1.0024390521087783
415956073241501,-10,248.850631714,3.628411679463288,10.9,44.2,44.9,Connecticut,0.4485742792863887,0.6269144982171062,1.1184140751351013,0.9811853067844138,41.99904167,-73.40386389,21,"Developed, Open Space",Developed,246,5736.32,27057.224342689588,4.716826178227433
420206070045901,0,4.740661144,3.492924581052632,,,,Massachusetts,0.47312755570018,0.5739724305073355,0.8802825073943553,1.2146183123509706,42.03522778,-70.0825722,71,Grassland/Herbaceous,Grassland,384,8032.290000000001,7864.138693225598,0.9790655831930368
420305072581401,-11,356.584686279,1.531775544896821,11.3,53.7,35.0,Massachusetts,0.4745217942735982,0.6450042892821918,1.2370591179602344,1.0171528825275793,42.05140278,-72.97067778,42,Evergreen Forest,Forest,407,9826.09,51639.65441805981,5.255361432478209
420316070433501,-1,18.162887573,3.053812836860835,6.3,67.9,25.8,Massachusetts,0.4754272771529438,0.6166862373949397,1.0044883961099011,0.9159289394360568,42.05444444,-70.72638889,23,"Developed, Medium Intensity",Developed,835,19610.309999999998,38379.85644687528,1.9571264527116239
420326079295801,7,533.864074707,0.7874942468772961,28.1,22.3,49.6,New York,0.4575641796442805,0.6536046360654543,1.336592422772393,1.0748256811962271,42.05744444,-79.4991944,21,"Developed, Open Space",Developed,713,15532.84,79385.11775959043,5.110792215692071
420544071173701,-11,49.735355377,1.908353587403125,4.9,62.3,32.8,Massachusetts,0.4763110629591196,0.6084690634643035,1.0680509740116937,0.942046041113326,42.09555556,-71.2936111,21,"Developed, Open Space",Developed,1184,26996.660000000003,74257.17679591676,2.7506060674141453
420545071174001,-10,46.663303375,1.898547345243844,5.6,62.5,32.0,Massachusetts,0.4778432932547594,0.5991962395153015,1.0424344538426922,0.9529349827443396,42.09593186,-71.2939439,43,Mixed Forest,Forest,875,20284.440000000002,55517.909178447306,2.736970267774082
420828076484601,-6,268.940948486,7.150782928089631,18.8,29.7,51.5,New York,0.4702347741137376,0.7241588078903269,1.261487502417025,0.8574150856966937,42.1411111,-76.81277778,22,"Developed, Low Intensity",Developed,1540,25827.39,111181.01499536642,4.304771600822477
421138075511301,-13,277.425384521,7.513489791876208,24.0,28.3,47.7,New York,0.4554305499058438,0.6601304636021326,0.9719922679146652,0.8654923512232794,42.19396475,-75.85325,22,"Developed, Low Intensity",Developed,874,18941.0,65994.77075160388,3.484228433113557
421213076313301,-28,312.148345947,5.700803714206592,22.5,25.1,52.3,New York,0.4635753877894017,0.6383908406319385,1.0339315930266044,0.7769473468140997,42.20352778,-76.5259444,81,Pasture/Hay,Agriculture,322,5788.5199999999995,37180.560341883545,6.423154855106927
421512077472801,-31,539.008605957,1.601293859462268,,,,New York,0.5091959783501588,0.680394151693319,1.2262692463919824,0.8780805568350621,42.2533333,-77.7911111,43,Mixed Forest,Forest,556,9039.52,66668.2891601493,7.375202351468806
421746074180201,-41,439.602081299,2.0096189580451824,24.2,31.7,44.1,New York,0.4851247562922023,0.714849291801082,1.256266549728882,0.8870681524914058,42.29616667,-74.3005833,23,"Developed, Medium Intensity",Developed,751,15935.71,69668.98069119825,4.371878045672157
421853071220501,1,46.935245514,4.870971651290732,8.6,57.4,34.1,Massachusetts,0.4533313333827797,0.6577697094501895,0.9737328461256568,0.8222545334054349,42.3147222,-71.3680556,21,"Developed, Open Space",Developed,618,12184.12,13132.34870631428,1.0778249644877331
421948074483701,-30,434.57824707,1.6888326315789477,22.3,33.1,44.6,New York,0.4769828747697391,0.6950557944107039,1.2763864980207191,0.981914848173858,42.32991667,-74.8101944,81,Pasture/Hay,Agriculture,1090,21647.86,80966.22959641195,3.740149354089132
422341071464901,-7,141.120834351,1.9384409350154723,8.3,56.3,35.4,Massachusetts,0.4724699940275405,0.7285454912104651,1.1689353548242534,0.7705167634029764,42.3947833,-71.77985278,41,Deciduous Forest,Forest,497,9983.720000000001,43583.36319124667,4.365443260753173
422445077203301,-23,372.546508789,2.558842150154268,21.7,30.8,47.4,New York,0.4683414326313774,0.7695964613602646,1.147678840509892,0.7590052075214176,42.41257085,-77.3422032,21,"Developed, Open Space",Developed,1107,17976.9,56059.809084334534,3.1184358306679423
422622073410901,1,94.288261414,3.24479410343221,,,,New York,0.4813969009159503,0.7349761955625407,0.7103457777906411,0.6043713963561725,42.4395833,-73.6858056,22,"Developed, Low Intensity",Developed,905,17336.09,24015.06697798961,1.3852643230387942
422745073112001,-7,320.815155029,5.013870916627853,,,,Massachusetts,0.4727147122417985,0.6468838014627432,1.0083516012409022,0.9636122934308896,42.46258478,-73.1884366,23,"Developed, Medium Intensity",Developed,772,17107.46,56432.293974751155,3.2986950707323683
423058071025401,0,24.041189194,1.991461699583436,,,,Massachusetts,0.4733413379330244,0.6122815436243759,1.2803205158114543,1.1270525422140147,42.5161111,-71.0483333,24,"Developed, High Intensity",Developed,1110,24858.23,101952.9788046059,4.101377242249585
423115071032001,0,24.229377747,2.0022523735056543,,,,Massachusetts,0.4768625053946328,0.6104255230039943,1.270552709687761,1.132144126235596,42.51674167,-71.04846389,23,"Developed, Medium Intensity",Developed,819,19069.030000000002,77275.42001798967,4.052404344530879
423401071093801,-1,27.080677032,2.4024884795186296,,,,Massachusetts,0.4687820420063036,0.6518705193727214,1.0554548750553812,0.9289035950064126,42.5668972,-71.1599667,24,"Developed, High Intensity",Developed,1723,38528.92999999999,98724.16110271303,2.5623385103794227
423506070491401,-3,16.507444382,0.6077304505386877,,,,Massachusetts,0.4444971685079869,0.5168407028290531,1.0911962060842526,1.1174275749780584,42.585,-70.8205556,23,"Developed, Medium Intensity",Developed,391,7814.01,28651.556596503036,3.6666905464035797
423530074191701,-19,225.258590698,2.8166887686148923,23.0,33.0,44.0,New York,0.4704714442337838,0.7065187297784067,1.1198498746754988,0.8016402940781948,42.5918333,-74.32138889,81,Pasture/Hay,Agriculture,808,14158.4,42641.05793441236,3.011714454628515
423743078070802,-4,489.432403564,3.83663610803356,24.8,25.6,49.6,New York,0.4627592499116293,0.7208274199151112,1.2178935503796178,0.8849552165466419,42.62867339,-78.1186201,22,"Developed, Low Intensity",Developed,1298,21237.86,56431.85178740778,2.657134560045493
424115073495301,1,78.464149475,2.708698181143454,,,,New York,0.4756187322238034,0.7234026280218375,0.8333835192997808,0.6544486128754323,42.6874722,-73.83138889,21,"Developed, Open Space",Developed,889,17876.38,27061.527240481515,1.5138147231420183
424136075025101,-22,431.779724121,1.9363406864014805,25.1,24.2,50.7,New York,0.4830267191550915,0.6659882716364465,1.3246648431212655,1.0166161934623017,42.69340779,-75.04710349,81,Pasture/Hay,Agriculture,1144,24010.159999999996,129840.03437782449,5.407712167591741
424452076081902,-8,360.826599121,1.4695600357370773,25.2,28.0,46.8,New York,0.4642841826996995,0.6958168942271339,1.2129951648916846,0.963029153409892,42.74777778,-76.1386111,21,"Developed, Open Space",Developed,1198,20651.08,52177.809294263534,2.5266382820783964
424520070562401,0,17.201704025,1.92295691825308,,,,Massachusetts,0.4856101951752632,0.7270868319288882,1.2821624569376289,0.8689879253501637,42.7553722,-70.93948889,24,"Developed, High Intensity",Developed,627,16187.57,68262.81251803481,4.216989487491626
425048073472501,0,90.13444519,0.7703247007832899,28.9,31.3,39.8,New York,0.4770299032208669,0.6490555918254908,1.242633225453014,1.0152252602520886,42.84638889,-73.7908056,90,Woody Wetlands,Wetland,932,19342.21,104290.87922662873,5.391880205345136
425448076350002,0,207.449020386,3.754870781511372,27.8,26.3,45.9,New York,0.4340607053863807,0.5856242527792166,1.046661938646754,0.9211177246275456,42.9133333,-76.5833333,21,"Developed, Open Space",Developed,597,11120.14,52722.343080001265,4.741158212037012
425511074254001,0,97.538421631,10.229991413123065,21.4,31.9,46.7,New York,0.4645895698988472,0.7250373952349538,1.075460942071496,0.7847622117586194,42.91975,-74.4279167,81,Pasture/Hay,Agriculture,831,14779.41,34278.13488692254,2.3193168662972705
425803077151201,0,183.972381592,0.8120710260047282,25.9,26.2,47.9,New York,0.4587666153622127,0.6119930483664042,1.005361895526805,0.9981080682563314,42.9675,-77.2533333,41,Deciduous Forest,Forest,1097,17266.690000000002,33640.3040735227,1.948277525890758
425833077503901,-1,196.749542236,3.133056725045246,24.8,25.2,50.0,New York,0.4524096765382321,0.6990276315080057,0.924475076078355,0.9235237374698514,42.97580556,-77.8440833,21,"Developed, Open Space",Developed,766,13513.75,35406.61185564482,2.620043426557752
430056075354102,-13,174.605880737,2.325216377602961,32.1,22.5,45.3,New York,0.473175253181783,0.7526911516112093,1.0737497987318074,0.7592543859096922,43.0158611,-75.59438889,21,"Developed, Open Space",Developed,1056,18862.54,65989.14058955827,3.498422831154143
430146078101301,2,276.317321777,2.692543496907217,28.1,32.0,39.9,New York,0.4476392011097413,0.7314090369665274,1.1525227635530102,0.768728652405483,43.02963889,-78.1704444,23,"Developed, Medium Intensity",Developed,317,4686.639999999999,17494.434078075385,3.732830786677745
430311077051501,-3,128.612045288,3.7765339138073015,,,,New York,0.4676315496205387,0.6202526059506669,1.1688959612282437,0.9473567946107462,43.0530833,-77.0867222,23,"Developed, Medium Intensity",Developed,287,4178.360000000001,28093.91974506414,6.723671427321757
430739078502701,0,188.667129517,0.4606697203080664,28.8,28.8,42.4,New York,0.4506018746699413,0.5695647232003054,1.0255882103068696,1.0039401983195255,43.12777778,-78.841,81,Pasture/Hay,Agriculture,807,14164.869999999999,70892.72133297447,5.004826823894216
431308078544501,0,102.06590271,1.255537240727481,26.4,34.2,39.4,New York,0.4957884515679974,0.7284650121714896,1.3465902666305662,0.998278953752123,43.21894444,-78.9122222,21,"Developed, Open Space",Developed,552,8716.380000000001,43126.535716852064,4.947757637557341
432148076225102,2,144.719985962,6.961020968827444,24.0,27.4,48.5,New York,0.4519473875517726,0.674754078344185,1.0944862189421198,0.8980348029527407,43.36352778,-76.38038889,71,Grassland/Herbaceous,Grassland,1133,21883.63,58534.0200985258,2.674785677628702
432310070393301,-3,62.873207092,5.581101507246377,16.8,51.6,31.6,Maine,0.4901419648844911,0.7931068718345515,0.6430600123784993,0.6692305164790452,43.38619518,-70.65866619,43,Mixed Forest,Forest,1300,31275.99,37687.25664475454,1.2049900465102636
433240072242901,-13,176.717300415,2.8180941901639347,10.5,47.2,42.3,Vermont,0.4353836078099494,0.5632101733424326,1.0161318142895095,0.9863044932632156,43.5445153,-72.4075916,81,Pasture/Hay,Agriculture,339,5939.9400000000005,16893.718646092424,2.8440891063028286
434217073010601,2,146.099136353,10.829762954007885,21.8,28.9,49.3,Vermont,0.4196239067316651,0.4493818570911235,0.6463813072004727,0.9578310884563058,43.70478856,-73.01788677,21,"Developed, Open Space",Developed,377,5920.0,6404.397604592912,1.0818239196947486
434955070261401,0,92.740913391,2.9663717087033747,,,,Maine,0.47937820108459,0.6872677165048064,0.9125725136657667,0.7795434107025386,43.8320211,-70.43672039,23,"Developed, Medium Intensity",Developed,934,21397.63,40602.074286558134,1.897503335021595
435453070013601,0,48.403354645,8.73142126857143,,,,Maine,0.4798712254682398,0.6233232068861365,0.7565676956937304,0.7728681246155703,43.91480189,-70.026162,22,"Developed, Low Intensity",Developed,1189,25978.260000000002,36314.37116453413,1.3978754221619973
440114075453701,-2,188.527008057,5.233452616159659,,,,New York,0.4292329459112132,0.7055811449531066,0.9886181081423518,0.6676631701811468,44.02052778,-75.7603333,24,"Developed, High Intensity",Developed,404,5792.2,24734.972345372717,4.270393347151811
440642070583402,0,118.027709961,1.835719182481752,10.4,49.4,40.2,Maine,0.4475217580551022,0.7188004047190142,1.3064397491277395,1.0236289238620904,44.1117349,-70.9756253,22,"Developed, Low Intensity",Developed,299,6012.219999999999,20037.13358700474,3.332734595042221
440823070291501,0,100.795379639,2.583591868357902,10.0,59.4,30.6,Maine,0.470340812446897,0.7360939540154792,0.9266566358957652,0.722056215727299,44.1397931,-70.4870029,23,"Developed, Medium Intensity",Developed,1308,27988.75,44023.56666604801,1.5729022077101698
442450071052301,-45,213.909469604,1.877239932824428,11.5,53.3,35.3,New Hampshire,0.4433347442678845,0.5845137804756682,1.0244655535186002,0.940750118797959,44.41394958,-71.0892421,95,Emergent Herbaceous Wetlands,Wetland,314,5827.25,21531.31660779326,3.6949361375937633
443647070552302,-3,451.600524902,1.6850296369847415,,,,Maine,0.4714762608425294,0.654404407705333,1.0360271862633368,0.7764984916270345,44.7797763,-70.9225736,43,Mixed Forest,Forest,479,9828.02,59378.298059761124,6.041735574384375
443647070552303,-3,445.484710693,1.7122602621021663,12.7,44.5,42.8,Maine,0.4236334245932218,0.6416969643303694,1.0322765145361394,0.816092471239243,44.7787944,-70.9212194,21,"Developed, Open Space",Developed,399,7182.44,37676.53877696734,5.245646156037132
443952072114001,-36,367.173736572,4.953944402684564,10.0,42.4,47.6,Vermont,0.4318875084668772,0.6978133445966042,1.0117160220814705,1.001584797151004,44.665,-72.19388889,24,"Developed, High Intensity",Developed,373,5883.200000000001,9430.79734742971,1.6030047163838914
444302070252401,21,348.636047363,7.253158865346535,13.3,44.5,42.2,Maine,0.4648215881222451,0.7036133795734987,0.8861576460808471,0.6782048976523178,44.7172813,-70.4228435,41,Deciduous Forest,Forest,947,22348.59,72159.02151819853,3.2287952626182914
444904074455201,1,90.41078186,1.902757691336196,25.8,35.9,38.4,New York,0.4462693082521575,0.6428580449342755,1.0172870353108814,0.9023034246521756,44.8178312,-74.7640799,52,Shrub/Scrub,Shrub,1000,17547.29,63819.81797889139,3.6370184785736934
444950068220602,8,97.993095398,6.089853578163773,15.7,42.8,41.6,Maine,0.4667367453931024,0.6369885197879723,1.0057972356864693,0.7655331653745733,44.83201539,-68.36585489,81,Pasture/Hay,Agriculture,794,17369.489999999998,92426.29269451891,5.32118632697442
445052073350201,-2,205.088516235,6.999034979720368,20.5,37.0,42.5,New York,0.4712098212061317,0.6914040582045007,1.0657949985785382,0.8961531277413827,44.848,-73.584,41,Deciduous Forest,Forest,1104,19220.32,42764.60920743392,2.2249686377455693
445227067520101,-2,78.254081726,1.4734091383509218,10.0,58.3,31.7,Maine,0.4763319699915793,0.7766197038773183,1.1789225713943774,0.7958826249965487,44.8742403,-67.8663922,42,Evergreen Forest,Forest,1298,28044.04,57891.05758254769,2.064290936061555
445511074103901,1,217.802658081,1.0393970839694655,16.3,47.3,36.4,New York,0.4719167635409927,0.6215623467047042,1.221903099695692,1.0856726173578817,44.91974017,-74.1771757,81,Pasture/Hay,Agriculture,596,10353.02,59718.41777770336,5.768212345547807
445805073380501,0,108.552215576,0.7765016971401781,20.9,35.7,43.5,New York,0.4568111118225557,0.6136696157543584,1.179192360440631,0.9562630994675936,44.9680833,-73.6346944,90,Woody Wetlands,Wetland,755,12603.78,71538.65652969637,5.675968362641712
453629068531801,-7,155.362258911,2.8837758744690896,8.2,48.0,43.8,Maine,0.4713228464630776,0.7901684482363664,1.3511604274843607,0.7282617518861655,45.60810429,-68.8878186,23,"Developed, Medium Intensity",Developed,1060,21952.41,47994.941762272516,2.1863176645421856
