well_id,lat_x,lon_x,n_events_x,precip_gini,recharge_gini,mtpi,elevation_m,mean_depth_to_water_m,clay,sand,silt,lat_y,lon_y,state,n_events_y,total_precip_mm,total_recharge_mm
390211074505502,39.036502,-74.8482243,467,0.3465406439466445,0.5814442622630254,0,3.750992775,2.6106630343801163,8.0,72.2,19.8,39.036502,-74.8482243,New Jersey,467,14297.669999999998,49124.65873927349
391145074520401,39.1959475,-74.8673916,729,0.34989339634759753,0.5416881067715735,0,2.864633083,1.0164816047168652,4.7,78.2,17.0,39.1959475,-74.8673916,New Jersey,729,22230.879999999997,52184.5208242277
391621074435401,39.2726149,-74.7312737,376,0.3418178341582222,0.431827064958459,0,3.184530973,1.1080354901781637,4.6,74.1,21.3,39.2726149,-74.7312737,New Jersey,376,11978.4,64289.679395770036
392232074234403,39.3956718,-74.6251579,423,0.3384376166009281,0.4746708184210461,0,15.799200058,2.729002517754173,9.1,72.8,18.1,39.3956718,-74.6251579,New Jersey,423,13975.58,38804.95147114511
392731075092401,39.45900397,-75.15768338,1215,0.34463217323152706,0.43324657972657554,-2,23.599794388,1.6817540664071446,10.1,55.7,34.3,39.45900397,-75.15768338,New Jersey,1215,37639.91,91098.40804060128
392732075092401,39.45900397,-75.15768338,533,0.35072084346386356,0.41943213497935783,-2,23.599794388,1.6299494213898473,10.1,55.7,34.3,39.45900397,-75.15768338,New Jersey,533,16583.11,35414.24105666878
392920074570001,39.48900475,-74.94961658,694,0.3433674212905051,0.40256655156700993,0,26.536455154,2.7627505590863954,10.8,61.1,28.1,39.48900475,-74.94961658,New Jersey,694,22157.25,104581.0127275451
393232074263903,39.4442836,-74.54182078,569,0.3317073068582631,0.38631510684526793,1,10.821445465,5.799528792752614,9.9,67.6,22.5,39.4442836,-74.54182078,New Jersey,569,18833.12,105594.75438590393
393246075012701,39.54400446,-75.0118401,753,0.35548974463290073,0.5481357550662637,0,34.76676178,6.055338415019763,9.2,61.1,29.7,39.54400446,-75.0118401,New Jersey,753,24147.76,41589.36698275449
393749074550901,39.63105556,-74.9201667,635,0.34175640213271186,0.6153997764448338,0,28.214708328,1.7257146276892759,7.7,65.2,27.2,39.63105556,-74.9201667,New Jersey,635,20813.1,60949.211944069284
394106074362501,39.6851181,-74.6059886,722,0.33984891830572017,0.6341880911038577,0,18.975687027,4.004685071869598,5.6,80.5,13.8,39.6851181,-74.6059886,New Jersey,722,23475.96,48402.76436866849
394236075272101,39.71058586,-75.45669539,588,0.3700671401405785,0.6493973989363431,0,4.952962399,3.2987506644960787,19.1,38.7,42.2,39.71058586,-75.45669539,New Jersey,588,18631.230000000003,42640.666018647265
394354075025901,39.73178139,-75.0493369,993,0.3359629064650418,0.5560202454542404,0,44.049346924,4.810177037748799,,,,39.73178139,-75.0493369,New Jersey,993,31530.380000000005,40933.11366800553
394422074430903,39.73956215,-74.7187696,614,0.35224798096872956,0.6106497817097507,0,13.893259048,2.003603040620066,7.7,72.3,19.9,39.73956215,-74.7187696,New Jersey,614,20691.870000000003,37760.39868250595
394430077225001,39.7416111,-77.3805833,631,0.3761922050213108,0.5429042221069267,22,239.414855957,28.870427285850468,17.9,30.2,51.9,39.7416111,-77.3805833,Pennsylvania,631,20325.519999999997,837422.3000503784
394440074593101,39.74455949,-74.9915549,496,0.3298396149415074,0.49318729635121816,0,52.080478668,8.968305357400723,14.2,60.7,25.1,39.74455949,-74.9915549,New Jersey,496,15990.7,18313.506463811456
394452074281901,39.74789698,-74.4715388,535,0.33821125836636945,0.47322356326197235,0,23.088380814,0.7674335436087345,5.5,79.7,14.8,39.74789698,-74.4715388,New Jersey,535,17165.239999999998,74614.28060549054
394742074142002,39.79567487,-74.237919,467,0.345605819396831,0.33928435745164354,1,13.457046509,2.5445715431654676,8.1,74.1,17.8,39.79567487,-74.237919,New Jersey,467,15294.32,77444.28160443553
395034074112101,39.8428968,-74.1887509,269,0.3411658207700782,0.569458098216046,0,4.912670612,2.693018881838075,,,,39.8428968,-74.1887509,New Jersey,269,8692.36,24545.773183825248
395122074301702,39.8562286,-74.50431859,548,0.3536692889501014,0.4927902865001452,0,42.829589844,6.336894766674812,8.1,66.1,25.8,39.8562286,-74.50431859,New Jersey,548,18700.98,22165.5485422603
395150074284201,39.86456196,-74.4795955,818,0.3437325295947541,0.6667067899780816,-1,45.533824921,6.80121031877377,7.9,64.0,28.2,39.86456196,-74.4795955,New Jersey,818,26652.739999999998,26827.795829282488
395450075485401,39.9137222,-75.8141944,1092,0.3537069583867297,0.6197147242235268,-11,91.310005188,3.7262114998287093,25.2,26.9,47.9,39.9137222,-75.8141944,Pennsylvania,1092,35180.89,146230.81146312447
395512075293701,39.9200833,-75.4930556,1322,0.35729165967645093,0.6405714147003655,-5,83.232269287,2.0585103628034815,19.6,34.8,45.6,39.9200833,-75.4930556,Pennsylvania,1322,42800.35,145669.3118195313
395920079021501,39.9888333,-79.0375,809,0.3232600729512084,0.4383014441193732,-3,707.261779785,7.107587988226638,25.4,32.3,42.2,39.9888333,-79.0375,Pennsylvania,809,22648.98,98166.02263621957
395928074502701,39.9912232,-74.840442,670,0.33580122202526885,0.5397067700579548,-2,3.504024744,1.578310679643147,19.2,57.3,23.5,39.9912232,-74.840442,New Jersey,670,20462.41,72360.6690625378
400120074265401,40.0223375,-74.4479288,1103,0.3461830407606735,0.5563695381164082,3,54.313117981,15.436182590288144,12.1,61.6,26.3,40.0223375,-74.4479288,New Jersey,1103,36627.350000000006,25572.04107636835
400148074352101,40.0301135,-74.58876678,499,0.35053205526291276,0.48288069075637696,-1,34.231559753,2.7297048439601204,,,,40.0301135,-74.58876678,New Jersey,499,16567.18,35014.506694650016
400209077183301,40.03527778,-77.3080833,741,0.3664358622915166,0.6547753288209102,-8,293.481018066,6.470918341060363,16.3,35.2,48.5,40.03527778,-77.3080833,Pennsylvania,741,23961.69,149844.39549772715
400217078281901,40.0376111,-78.4719167,671,0.32619111201101514,0.6084324693039239,-7,352.317749023,5.380790019967495,30.8,24.0,45.3,40.0376111,-78.4719167,Pennsylvania,671,18310.43,298502.96327681903
400229075104601,40.0414722,-75.1793333,359,0.3307411141846939,0.5800637638167108,-2,81.823608398,4.680863664129634,,,,40.0414722,-75.1793333,Pennsylvania,359,11020.08,40202.53411379011
400808075210401,40.13616667,-75.3506944,708,0.3637456920233697,0.6359666868951981,-4,50.71118927,3.221358645717661,,,,40.13616667,-75.3506944,Pennsylvania,708,23243.54,151757.6134675805
400916076492301,40.1549722,-76.8229167,737,0.3452115689371016,0.45586675363534424,-3,143.369995117,6.709986244735891,26.3,31.2,42.6,40.1549722,-76.8229167,Pennsylvania,737,22190.059999999998,262992.1944385983
401552074501801,40.26483028,-74.8362747,455,0.34300167721169683,0.38584781337085505,-1,37.243408203,4.998321196261683,23.2,38.6,38.3,40.26483028,-74.8362747,New Jersey,455,13706.16,139043.956014508
401637076071501,40.27702778,-76.1206667,807,0.3573653425197294,0.4854295744158771,-9,149.51701355,3.1955375046931414,23.5,25.8,50.7,40.27702778,-76.1206667,Pennsylvania,807,26163.53,127245.75920557836
401753074483501,40.29816305,-74.80932958,598,0.35038855252320444,0.4761740322623792,4,65.177261353,4.661958042602724,,,,40.29816305,-74.80932958,New Jersey,598,18837.0,126229.56399211538
401834074515501,40.31038498,-74.85377538,1066,0.35303079346080724,0.49321351674327507,0,55.809371948,20.54914177333793,21.8,33.9,44.3,40.31038498,-74.85377538,New Jersey,1066,33876.979999999996,358980.1569398014
402138074435801,40.36066208,-74.732383,888,0.347153552846566,0.46878979093100936,-4,65.946289062,3.4869534007533387,20.3,36.0,43.6,40.36066208,-74.732383,New Jersey,888,27232.809999999998,160407.14764878157
402138079031802,40.3604722,-79.0558333,788,0.3199855301884007,0.47902325605029306,-9,391.193878174,4.998529594447199,28.0,27.0,45.0,40.3604722,-79.0558333,Pennsylvania,788,21263.91,97203.80053828328
402207076180801,40.36875,-76.3017222,1175,0.3570825515567543,0.6004454647040467,-4,135.216842651,2.6483181024702653,,,,40.36875,-76.3017222,Pennsylvania,1175,36984.32,199007.50034079698
402255076422001,40.382,-76.70575,702,0.3651050351889922,0.46437757043212846,-3,154.152114868,3.751097220799582,23.5,33.5,43.0,40.382,-76.70575,Pennsylvania,702,23111.879999999997,441475.4451993591
402411077374801,40.40302778,-77.62988889,812,0.33091379040554436,0.5251892505482811,-10,193.173431396,4.060342073836276,25.1,24.2,50.7,40.40302778,-77.62988889,Pennsylvania,812,23490.23,112716.31319080325
402512074414301,40.4201055,-74.694882,271,0.3378620602862974,0.5244899922061536,-2,32.302829742,5.358939742786481,19.3,34.0,46.7,40.4201055,-74.694882,New Jersey,271,7923.18,243441.51468247484
402553074271701,40.43205038,-74.4548742,735,0.34815199313045375,0.606500082269972,0,21.9400177,4.776562660187436,17.4,37.2,45.4,40.43205038,-74.4548742,New Jersey,735,23156.29,25661.39717595048
402615075530501,40.4374722,-75.88425,996,0.34854801679637915,0.6671582555297575,-9,132.42414856,40.63464843756449,,,,40.4374722,-75.88425,Pennsylvania,996,30949.25,191212.74134134784
402735077100901,40.46044444,-77.1686944,761,0.3463768733306467,0.4870845257892824,-19,156.648269653,3.7897381107011077,24.0,29.7,46.2,40.46044444,-77.1686944,Pennsylvania,761,22400.77,247967.7134954136
402750078452201,40.4625833,-78.7590556,546,0.3380125132437315,0.36375757883816573,1,650.75994873,2.2576590612027676,23.3,41.8,35.0,40.4625833,-78.7590556,Pennsylvania,546,15634.6,167197.3205358003
403200074420601,40.53325,-74.7018056,365,0.35146189165881336,0.5901672388456505,-4,19.930515289,2.4532766979975484,23.5,30.6,45.9,40.53325,-74.7018056,New Jersey,365,11043.39,72306.19825381089
403455074514801,40.57732477,-74.86044348,1069,0.3545448690418651,0.3867973679311625,-7,51.941734314,3.0805898851839113,22.0,31.9,46.1,40.57732477,-74.86044348,New Jersey,1069,33657.39,94019.88432894439
403719075091801,40.6220448,-75.1546189,692,0.36123380339546807,0.5598756289949935,-27,53.602737427,2.039279633881975,13.6,37.2,49.3,40.6220448,-75.1546189,New Jersey,692,22403.04,116908.30282084731
403734080063001,40.62619444,-80.10838889,1175,0.3181356607834682,0.4232770019651221,-19,313.262908936,2.0403130389852207,28.3,12.5,59.2,40.62619444,-80.10838889,Pennsylvania,1175,31219.75,142622.17841808396
403939076591001,40.6612222,-76.9855556,947,0.3553283236819881,0.7164325172661683,19,222.266464233,5.683516662245598,20.3,28.9,50.8,40.6612222,-76.9855556,Pennsylvania,947,29983.03,160950.83315756478
404140077354001,40.69477778,-77.5939444,559,0.31604051379677556,0.6834001716816945,0,244.798294067,16.1498576757691,,,,40.69477778,-77.5939444,Pennsylvania,559,15420.779999999999,652309.7314808387
404239076362001,40.71080556,-76.6054722,1000,0.3542451091199036,0.5456668681401511,7,288.22479248,6.163286394485929,20.4,29.0,50.6,40.71080556,-76.6054722,Pennsylvania,1000,31692.66,503629.00170318474
404518077575501,40.75544444,-77.96625,459,0.31693675612990946,0.6882141999249003,-17,349.219665527,20.4721230953963,14.5,47.7,37.8,40.75544444,-77.96625,Pennsylvania,459,12175.68,19167.63970997955
404556077525101,40.76563889,-77.8806944,724,0.3242489603057337,0.6281622471559124,0,372.260955811,28.514203794392525,33.2,28.1,38.8,40.76563889,-77.8806944,Pennsylvania,724,19101.57,489129.7387965631
404639074230001,40.7776003,-74.3829292,489,0.3585700634762704,0.37516823929288345,-1,60.690597534,13.26352942339833,,,,40.7776003,-74.3829292,New Jersey,489,15443.08,61144.62128626064
404708076070701,40.78575,-76.1184722,967,0.3599509195385243,0.6113297171892724,-46,387.671142578,14.859103948729686,12.3,49.5,38.2,40.78575,-76.1184722,Pennsylvania,967,31990.43,676036.9483938038
404934074400501,40.8178774,-74.6809948,760,0.3622183517992146,0.6338583590849035,14,269.561706543,2.4116630965224375,17.8,41.4,40.8,40.8178774,-74.6809948,New Jersey,760,25337.53,103030.71608950959
405027074232301,40.8409329,-74.3893185,465,0.3520056525550215,0.5960188984528385,0,57.928474426,3.13447606192695,22.3,30.5,47.2,40.8409329,-74.3893185,New Jersey,465,14493.17,20609.487618358486
405414074354201,40.90370996,-74.5921035,665,0.3691976571121164,0.4954819593784763,-10,203.473312378,6.411722618434783,,,,40.90370996,-74.5921035,New Jersey,665,21810.329999999998,133957.09490660214
405531074361901,40.92537639,-74.6048819,805,0.36194530798195423,0.5363341016602318,-12,222.640335083,3.5941055274309934,20.1,41.2,38.7,40.92537639,-74.6048819,New Jersey,805,26691.510000000002,66612.57537149126
405613074430901,40.9370428,-74.7187745,942,0.35750240888579854,0.5261063409478203,-6,224.681991577,4.043218782608696,17.9,41.3,40.8,40.9370428,-74.7187745,New Jersey,942,30445.73,161024.1445294516
405808074583001,40.96898645,-74.9746172,388,0.3369733813026562,0.5752149749258201,-9,140.967590332,1.6011096473285944,16.2,36.9,46.9,40.96898645,-74.9746172,New Jersey,388,12033.119999999999,33422.6530478926
410155074060201,41.03204145,-74.10014209,427,0.35074665054622234,0.33308517766038037,-12,40.650016785,0.5202697406373917,,,,41.03204145,-74.10014209,New Jersey,427,13571.490000000002,198227.62379880354
410207074270001,41.03537519,-74.4495994,907,0.3610526787074615,0.50100392521783,-20,230.183288574,1.3413128760727775,14.8,41.9,43.2,41.03537519,-74.4495994,New Jersey,907,29762.399999999998,85863.58516372692
410449074483301,41.08037446,-74.8098893,739,0.3658393953536163,0.7267394222373977,0,160.528671265,6.996846499426738,21.5,35.3,43.2,41.08037446,-74.8098893,New Jersey,739,23543.4,235796.25758388062
410538080280801,41.09369444,-80.4686944,840,0.32312198317645413,0.573102949275742,7,318.700836182,5.092691958706126,24.6,26.0,49.4,41.09369444,-80.4686944,Pennsylvania,840,22911.2,140590.65781662415
410804074424401,41.13454085,-74.7118307,1014,0.35617627079542535,0.584587885920739,-1,161.545654297,9.901698984002763,22.6,32.6,44.8,41.13454085,-74.7118307,New Jersey,1014,31627.410000000003,34231.51374122357
410914074540401,41.1539843,-74.8840582,824,0.3615798333333785,0.6615900057500097,9,145.347839355,5.677769837578528,17.7,38.0,44.4,41.1539843,-74.8840582,New Jersey,824,26397.98,260086.78063967876
410928074522801,41.1578732,-74.8740579,502,0.3676293642083893,0.5722104389775569,-26,125.853530884,7.8033410449947676,18.2,38.7,43.0,41.1578732,-74.8740579,New Jersey,502,16588.53,52892.48318815784
411223075234901,41.20669444,-75.3966111,1004,0.3763175666419877,0.5357356720082611,-1,604.985473633,3.3739885781088823,14.4,46.5,39.1,41.20669444,-75.3966111,Pennsylvania,1004,33996.020000000004,251086.49796940532
411756076162701,41.29941667,-76.2745,855,0.35029335664494377,0.6222724323032871,-27,388.191101074,9.967451806653528,19.6,34.9,45.5,41.29941667,-76.2745,Pennsylvania,855,25447.25,156376.31371079083
411832072325501,41.30890556,-72.5480694,230,0.3323593113951042,0.4836021332804864,14,62.85918808,1.519541392857143,8.6,51.7,39.7,41.30890556,-72.5480694,Connecticut,230,7077.17,50140.75478018823
411833075133601,41.30919444,-75.2268611,775,0.37674795492074753,0.6584670848752352,-1,535.984069824,10.630335536591419,14.4,48.0,37.6,41.30919444,-75.2268611,Pennsylvania,775,26286.78,486266.2253696556
411958079540202,41.3315833,-79.9002222,434,0.31930764163896663,0.6585182985049849,25,463.613464355,33.38708897352342,24.1,31.9,43.9,41.3315833,-79.9002222,Pennsylvania,434,12605.25,73140.42502993428
412020079133901,41.33677778,-79.2255278,381,0.32409462228230757,0.5354781534689055,15,476.183258057,11.087284194583752,20.1,30.3,49.6,41.33677778,-79.2255278,Pennsylvania,381,11008.119999999999,261069.27282537674
412154071462901,41.36509999,-71.7742336,479,0.3460939838343786,0.5488866929861825,-1,14.529078484,3.7953525865657523,,,,41.36509999,-71.7742336,Rhode Island,479,14302.72,40576.792847141594
412429073165101,41.40820556,-73.28055,461,0.3577526683913932,0.5669251754708289,-19,79.676467896,1.777495559733379,14.3,47.5,38.2,41.40820556,-73.28055,Connecticut,461,14652.09,70251.69744062518
412637074362301,41.4436111,-74.60638889,663,0.3553635168518905,0.5992663183689784,-19,143.278915405,1.9822538108002608,13.8,44.5,41.7,41.4436111,-74.60638889,New York,663,20665.129999999997,46861.055789627455
412714073331301,41.4541111,-73.5533611,546,0.3538833465306166,0.5604277249625482,-20,129.762207031,0.8450878168533854,11.9,49.4,38.6,41.4541111,-73.5533611,New York,546,17073.25,59857.926350822025
412823079030601,41.4734722,-79.0508333,846,0.3216339191493922,0.4212097684420162,10,541.47857666,2.651128225893958,23.1,29.6,47.3,41.4734722,-79.0508333,Pennsylvania,846,23514.11,87989.35776954828
412825072410501,41.47270556,-72.6839083,507,0.3461055346825035,0.4518733954705223,-10,50.09482193,3.306986710012105,14.1,45.3,40.6,41.47270556,-72.6839083,Connecticut,507,15969.68,97163.81042322588
412918071321001,41.48843449,-71.5356159,491,0.34405818376171404,0.582124132003861,-6,34.619823456,3.5739987806413995,,,,41.48843449,-71.5356159,Rhode Island,491,16599.0,33178.35609116477
412932071374302,41.49232259,-71.6281194,876,0.35146997943893576,0.5167406220430742,-8,34.017307281,2.0973023788054848,8.6,39.6,51.7,41.49232259,-71.6281194,Rhode Island,876,29280.75,58395.82644789663
413026076352901,41.50705556,-76.59025,1009,0.34325914709949745,0.6191895195223039,-54,322.415863037,8.138854833885905,14.2,39.6,46.2,41.50705556,-76.59025,Pennsylvania,1009,29269.160000000003,672391.1325240241
413346075421301,41.56291667,-75.7037222,723,0.3514268006004919,0.3486441333650774,-5,326.14175415,16.894150388567205,18.6,35.3,46.1,41.56291667,-75.7037222,Pennsylvania,723,21008.17,302467.1260690088
413358071433801,41.56621059,-71.72673449,631,0.3648689936399989,0.6175118214069265,-9,41.615364075,4.440315740940988,8.8,41.8,49.4,41.56621059,-71.72673449,Rhode Island,631,20770.010000000002,34276.80696184443
413535072253701,41.5931333,-72.4264222,328,0.336043035086774,0.5647307673622066,-14,78.468139648,1.5761355156041612,11.4,54.2,34.5,41.5931333,-72.4264222,Connecticut,328,9860.230000000001,60861.90000741937
413542080245002,41.5953333,-80.41375,770,0.306358329878589,0.5308669011971843,3,337.688446045,15.371658605597965,22.4,19.4,58.1,41.5953333,-80.41375,Pennsylvania,770,20109.430000000004,118810.66425689914
413801070322703,41.6337972,-70.5406759,214,0.32536745714043636,0.427773090580836,-8,15.356894493,1.8760948546824545,7.7,63.2,29.2,41.6337972,-70.5406759,Massachusetts,214,7018.6900000000005,10185.062727941762
413930070190901,41.65844369,-70.3186334,225,0.3471088932752755,0.5338336280045227,-2,16.267776489,7.5153927643658625,,,,41.65844369,-70.3186334,Massachusetts,225,6763.35,14414.53829888511
414101070011001,41.6836111,-70.0194444,361,0.33671444129679473,0.4951159908546505,-2,10.534871101,8.346878760056791,,,,41.6836111,-70.0194444,Massachusetts,361,10776.56,13820.624329560911
414129070361401,41.6914953,-70.60336388,380,0.32048219117433074,0.5465184045270248,0,18.38904953,10.035568945868947,6.5,61.2,32.4,41.6914953,-70.60336388,Massachusetts,380,11426.49,11600.648202832226
414159070310501,41.6999823,-70.5177476,385,0.33474660367864173,0.4950841703339621,1,50.64471817,29.196771329500223,5.7,58.5,35.9,41.6999823,-70.5177476,Massachusetts,385,11945.65,6872.782469574142
414159079213601,41.6994722,-79.3599444,926,0.31702415959559893,0.5129319840471325,-29,370.360656738,12.392171280722055,21.2,39.2,39.6,41.6994722,-79.3599444,Pennsylvania,926,25033.25,111507.69217753781
414330076280501,41.72341667,-76.4687222,720,0.34110084626877324,0.6216313734027427,-23,226.458282471,2.5367891600459247,20.4,27.7,51.9,41.72341667,-76.4687222,Pennsylvania,720,19492.1,258196.0764232565
414333075153201,41.7252222,-75.2585833,1067,0.3488643222250014,0.5491909000152673,-27,407.545959473,7.942025458543289,15.9,41.4,42.6,41.7252222,-75.2585833,Pennsylvania,1067,32132.82,209999.82183079649
414525074360601,41.75675,-74.6013611,806,0.36210218644564063,0.6316865286617728,-13,359.866912842,2.7924760619436655,14.8,43.6,41.6,41.75675,-74.6013611,New York,806,26193.899999999998,173597.5187438244
414632070014901,41.77555556,-70.03027778,707,0.34292425484532807,0.5423520660918512,0,15.677668571,9.38822298486728,11.9,66.7,21.4,41.77555556,-70.03027778,Massachusetts,707,21856.52,19960.429238020177
414640077493801,41.77705556,-77.8273056,840,0.33282433170713543,0.5461400360302855,-60,553.186462402,6.349840825505656,16.7,45.0,38.3,41.77705556,-77.8273056,Pennsylvania,840,23834.449999999997,1152543.6980287642
414948074035001,41.83,-74.06388889,720,0.36634759672198514,0.6618553166975483,7,72.539955139,5.179174591860314,20.9,43.8,35.3,41.83,-74.06388889,New York,720,24221.57,26137.742619857014
415228070554601,41.8745464,-70.9289297,277,0.3913288234895008,0.6301051727311342,2,29.421590805,4.552955892360037,,,,41.8745464,-70.9289297,Massachusetts,277,9921.220000000001,37173.7236503551
415323077451301,41.89005556,-75.7533056,798,0.3447847415144839,0.5980382706146253,-17,388.713439941,10.36163482352941,18.8,34.9,46.3,41.89005556,-75.7533056,Pennsylvania,798,23350.26,92210.3975631305
415354069585201,41.8983333,-69.9811111,361,0.33476569070728734,0.5657285892432757,0,7.738069534,3.5553753783656123,5.4,83.0,11.6,41.8983333,-69.9811111,Massachusetts,361,10442.98,9403.980480109181
415956073241501,41.99904167,-73.40386389,211,0.3222711254057149,0.4915594801639309,-10,248.850631714,3.6284116794632877,10.9,44.2,44.9,41.99904167,-73.40386389,Connecticut,211,6334.070000000001,44067.954842543004
420206070045901,42.03522778,-70.0825722,238,0.35112707823201106,0.5032072282357465,0,4.740661144,3.492924581052632,,,,42.03522778,-70.0825722,Massachusetts,238,7154.63,6482.389072042295
420305072581401,42.05140278,-72.97067778,325,0.35313346572018434,0.5140940575921118,-11,356.584686279,1.531775544896821,11.3,53.7,35.0,42.05140278,-72.97067778,Massachusetts,325,10261.69,69918.45207284209
420316070433501,42.05444444,-70.72638889,543,0.34584243307820595,0.5116498029559778,-1,18.162887573,3.0538300134831458,6.3,67.9,25.8,42.05444444,-70.72638889,Massachusetts,543,17915.98,35234.9477837745
420326079295801,42.05744444,-79.4991944,538,0.31357467856583887,0.4964429591169176,7,533.864074707,0.7874942468772961,28.1,22.3,49.6,42.05744444,-79.4991944,New York,538,15961.570000000002,104964.10288379886
420544071173701,42.09555556,-71.2936111,763,0.34717465390504365,0.4988444174739829,-11,49.735355377,1.908353587403125,4.9,62.3,32.8,42.09555556,-71.2936111,Massachusetts,763,24586.56,69280.5778534198
420545071174001,42.09593186,-71.2939439,572,0.3519270170351805,0.49399204012370634,-10,46.663303375,1.8985473452438437,5.6,62.5,32.0,42.09593186,-71.2939439,Massachusetts,572,18569.1,51880.30849806606
420828076484601,42.1411111,-76.81277778,948,0.3301734034429954,0.6177835560827241,-6,268.940948486,7.150782928089631,18.8,29.7,51.5,42.1411111,-76.81277778,New York,948,24871.97,151600.64924562228
421138075511301,42.19396475,-75.85325,633,0.3411047685677331,0.5866333114713177,-13,277.425384521,7.513489791876208,24.0,28.3,47.7,42.19396475,-75.85325,New York,633,18235.160000000003,78685.08990051308
421213076313301,42.20352778,-76.5259444,460,0.3238534206035226,0.44497712626051045,-28,312.148345947,5.700803714206592,22.5,25.1,52.3,42.20352778,-76.5259444,New York,460,11712.75,177279.91024140318
421512077472801,42.2533333,-77.7911111,603,0.3144741976468285,0.3802959632018664,-31,539.008605957,1.6012938594622679,,,,42.2533333,-77.7911111,New York,603,16100.25,207907.7603973504
421746074180201,42.29616667,-74.3005833,565,0.35775235296123,0.62690646921332,-41,439.602081299,2.0096189580451824,24.2,31.7,44.1,42.29616667,-74.3005833,New York,565,17838.64,130460.73970751854
421853071220501,42.3147222,-71.3680556,371,0.3113454555362315,0.5539158166188479,1,46.935245514,4.870971651290732,8.6,57.4,34.1,42.3147222,-71.3680556,Massachusetts,371,10715.84,11661.23236398654
421948074483701,42.32991667,-74.8101944,701,0.34280777469427737,0.5877321572014023,-30,434.57824707,1.6888326315789477,22.3,33.1,44.6,42.32991667,-74.8101944,New York,701,20102.64,90005.57585812683
422341071464901,42.3947833,-71.77985278,356,0.3272083173986917,0.605219638879544,-7,141.120834351,1.9384409350154725,8.3,56.3,35.4,42.3947833,-71.77985278,Massachusetts,356,10184.980000000001,66854.04020306657
422445077203301,42.41257085,-77.3422032,678,0.3194495035006839,0.6893540150232894,-23,372.546508789,2.558842150154268,21.7,30.8,47.4,42.41257085,-77.3422032,New York,678,17195.62,95123.53804649976
422622073410901,42.4395833,-73.6858056,539,0.3410751836360678,0.7150648211513861,1,94.288261414,3.24479410343221,,,,42.4395833,-73.6858056,New York,539,15377.5,21084.9740477389
422745073112001,42.46258478,-73.1884366,553,0.342417256570828,0.5836434603825191,-7,320.815155029,5.0138709166278534,,,,42.46258478,-73.1884366,Massachusetts,553,16695.75,72201.31165858217
423058071025401,42.5161111,-71.0483333,749,0.34547880370293027,0.47072122727837995,0,24.041189194,1.9914616995834356,,,,42.5161111,-71.0483333,Massachusetts,749,23156.239999999998,103951.47962650642
423115071032001,42.51674167,-71.04846389,561,0.3501846693999462,0.4708537518823316,0,24.229377747,2.0022523735056543,,,,42.51674167,-71.04846389,Massachusetts,561,17864.26,78392.90948274304
423401071093801,42.5668972,-71.1599667,1172,0.35187784126585553,0.5748162029125881,-1,27.080677032,2.4024884795186296,,,,42.5668972,-71.1599667,Massachusetts,1172,35620.84,96980.70554109558
423506070491401,42.585,-70.8205556,255,0.3176463411448762,0.38807284492587213,-3,16.507444382,0.6077304505386877,,,,42.585,-70.8205556,Massachusetts,255,7048.870000000001,26216.623310392548
423530074191701,42.5918333,-74.32138889,467,0.3193628556928436,0.6346743405849049,-19,225.258590698,2.8166887686148923,23.0,33.0,44.0,42.5918333,-74.32138889,New York,467,12617.09,45854.419722595965
423743078070802,42.62867339,-78.1186201,743,0.309697434261921,0.6548687268917995,-4,489.432403564,3.8366361080335594,24.8,25.6,49.6,42.62867339,-78.1186201,New York,743,18871.29,68611.82384696107
424115073495301,42.6874722,-73.83138889,535,0.3349603575741287,0.669838507447855,1,78.464149475,2.708698181143454,,,,42.6874722,-73.83138889,New York,535,15889.0,24268.889796015428
424136075025101,42.69340779,-75.04710349,801,0.3468838463010733,0.5248288215343673,-22,431.779724121,1.9363406864014803,25.1,24.2,50.7,42.69340779,-75.04710349,New York,801,23839.23,162196.47831713822
424452076081902,42.74777778,-76.1386111,688,0.3189777058798915,0.5861879054176073,-8,360.826599121,1.4695600357370773,25.2,28.0,46.8,42.74777778,-76.1386111,New York,688,17970.11,51290.78107681414
424520070562401,42.7553722,-70.93948889,479,0.3727727068200083,0.6319490034047768,0,17.201704025,1.9229569182530795,,,,42.7553722,-70.93948889,Massachusetts,479,16175.650000000001,83119.38723397664
425048073472501,42.84638889,-73.7908056,658,0.337147554212716,0.5134892515806426,0,90.13444519,0.7703247007832899,28.9,31.3,39.8,42.84638889,-73.7908056,New York,658,19429.82,131001.30606299933
425448076350002,42.9133333,-76.5833333,416,0.3043424860209878,0.4794078403197932,0,207.449020386,3.754870781511372,27.8,26.3,45.9,42.9133333,-76.5833333,New York,416,10506.96,57475.73766055587
425511074254001,42.91975,-74.4279167,486,0.3147831317714854,0.6440688227667086,0,97.538421631,10.229991413123063,21.4,31.9,46.7,42.91975,-74.4279167,New York,486,12982.24,32547.739163622507
425803077151201,42.9675,-77.2533333,573,0.30972683753798635,0.5043318909574738,0,183.972381592,0.8120710260047282,25.9,26.2,47.9,42.9675,-77.2533333,New York,573,14307.130000000001,28092.77563138188
425833077503901,42.97580556,-77.8440833,482,0.3107256869956031,0.648067282610675,-1,196.749542236,3.133056725045246,24.8,25.2,50.0,42.97580556,-77.8440833,New York,482,12397.42,43625.7527144069
430056075354102,43.0158611,-75.59438889,726,0.32504576556815856,0.6510406436580769,-13,174.605880737,2.3252163776029615,32.1,22.5,45.3,43.0158611,-75.59438889,New York,726,19509.13,116355.71987753392
430146078101301,43.02963889,-78.1704444,213,0.310751521329246,0.6343680360188748,2,276.317321777,2.692543496907217,28.1,32.0,39.9,43.02963889,-78.1704444,New York,213,5553.52,52178.40296162467
430311077051501,43.0530833,-77.0867222,250,0.3013619738634372,0.4241637678515723,-3,128.612045288,3.7765339138073015,,,,43.0530833,-77.0867222,New York,250,5931.92,70440.77873120566
430739078502701,43.12777778,-78.841,580,0.32312023194860595,0.5127352905028583,0,188.667129517,0.46066972030806647,28.8,28.8,42.4,43.12777778,-78.841,New York,580,14647.24,105320.90622564862
431308078544501,43.21894444,-78.9122222,447,0.3115198968797943,0.4657846377298287,0,102.06590271,1.255537240727481,26.4,34.2,39.4,43.21894444,-78.9122222,New York,447,11099.75,112008.00924946446
432148076225102,43.36352778,-76.38038889,721,0.3152041722779846,0.5923687179483796,2,144.719985962,6.961020968827444,24.0,27.4,48.5,43.36352778,-76.38038889,New York,721,19763.950000000004,58340.88197353736
432310070393301,43.38619518,-70.65866619,868,0.3748962335229553,0.7881494604440519,-3,62.873207092,5.581101507246377,16.8,51.6,31.6,43.38619518,-70.65866619,Maine,868,28851.95,35900.60254530249
433240072242901,43.5445153,-72.4075916,211,0.2861933883340938,0.48447762550747797,-13,176.717300415,2.8180941901639347,10.5,47.2,42.3,43.5445153,-72.4075916,Vermont,211,5334.42,16411.59309468528
434217073010601,43.70478856,-73.01788677,223,0.27511620430861905,0.4201332450358216,2,146.099136353,10.829762954007883,21.8,28.9,49.3,43.70478856,-73.01788677,Vermont,223,5084.5,4613.215737456319
434955070261401,43.8320211,-70.43672039,615,0.35627349828671173,0.6285419670736261,0,92.740913391,2.9663717087033747,,,,43.8320211,-70.43672039,Maine,615,19623.489999999998,38751.39350621682
435453070013601,43.91480189,-70.026162,761,0.35438360958649384,0.5891686645903691,0,48.403354645,8.73142126857143,,,,43.91480189,-70.026162,Maine,761,23565.66,32448.258144859763
440114075453701,44.02052778,-75.7603333,331,0.3210264114706258,0.6082191895499336,-2,188.527008057,5.233452616159659,,,,44.02052778,-75.7603333,New York,331,8715.95,110035.43202693871
440642070583402,44.1117349,-70.9756253,213,0.32213472599647774,0.6513429199087142,0,118.027709961,1.8357191824817518,10.4,49.4,40.2,44.1117349,-70.9756253,Maine,213,5984.09,29631.127244864394
440823070291501,44.1397931,-70.4870029,847,0.3389081163657135,0.6823063624377058,0,100.795379639,2.583591868357902,10.0,59.4,30.6,44.1397931,-70.4870029,Maine,847,25525.350000000002,42792.487717696196
442450071052301,44.41394958,-71.0892421,205,0.31087765777196197,0.5281166968728302,-45,213.909469604,1.8772399328244276,11.5,53.3,35.3,44.41394958,-71.0892421,New Hampshire,205,5552.870000000001,26376.498643560575
443647070552302,44.7797763,-70.9225736,412,0.34360737046818124,0.5403752721758586,-3,451.600524902,1.6850296369847415,,,,44.7797763,-70.9225736,Maine,412,12159.51,115216.19501179447
443647070552303,44.7787944,-70.9212194,333,0.28892711401338433,0.5602206579222209,-3,445.484710693,1.7122602621021665,12.7,44.5,42.8,44.7787944,-70.9212194,Maine,333,8351.66,78220.14947446118
443952072114001,44.665,-72.19388889,218,0.2973008340537524,0.6714089625310786,-36,367.173736572,4.953944402684564,10.0,42.4,47.6,44.665,-72.19388889,Vermont,218,5057.58,10015.254430648523
444302070252401,44.7172813,-70.4228435,748,0.35518776171586663,0.7167474628609388,21,348.636047363,7.253158865346535,13.3,44.5,42.2,44.7172813,-70.4228435,Maine,748,23778.53,139395.51316903415
444904074455201,44.8178312,-74.7640799,630,0.3035440981893749,0.544044351330284,1,90.41078186,1.902757691336196,25.8,35.9,38.4,44.8178312,-74.7640799,New York,630,15858.71,66401.49771811448
444950068220602,44.83201539,-68.36585489,660,0.3517769187920079,0.5761932489091636,8,97.993095398,6.089853578163773,15.7,42.8,41.6,44.83201539,-68.36585489,Maine,660,20221.64,165118.26872132558
445052073350201,44.848,-73.584,644,0.3263781020884753,0.6079645873140924,-2,205.088516235,6.999034979720368,20.5,37.0,42.5,44.848,-73.584,New York,644,16906.710000000003,42222.50150828485
445227067520101,44.8742403,-67.8663922,829,0.3424991569706647,0.7081290474177035,-2,78.254081726,1.4734091383509218,10.0,58.3,31.7,44.8742403,-67.8663922,Maine,829,25521.83,58375.15638891653
445511074103901,44.91974017,-74.1771757,411,0.31212740710758613,0.4192620862131283,1,217.802658081,1.0393970839694657,16.3,47.3,36.4,44.91974017,-74.1771757,New York,411,10300.8,76118.42447782401
445805073380501,44.9680833,-73.6346944,479,0.30625523908379604,0.4672836959617792,0,108.552215576,0.7765016971401781,20.9,35.7,43.5,44.9680833,-73.6346944,New York,479,11827.630000000001,83991.40594209169
453629068531801,45.60810429,-68.8878186,685,0.3351994336945453,0.7355229882307903,-7,155.362258911,2.8837758744690896,8.2,48.0,43.8,45.60810429,-68.8878186,Maine,685,20269.58,56935.32650634617
